variable	mean_min_depth	no_of_nodes	mse_increase	node_purity_increase	no_of_trees	times_a_root	p_value
1	8.08406291570381	35755	0.0272785765629789	22.2268236665026	9714	0	0
100	12.4370000200944	13338	0.00955505790933524	18.8112068795328	7679	0	1
101	22.0980835727921	1182	-0.000108704738346725	0.63048346275665	1112	0	1
102	9.23497663016176	27591	0.00457639173933685	14.9269574930477	9405	7	0
103	18.800684336381	4951	0.00357716584694912	4.96832514503662	3929	0	1
104	6.55066812016477	45127	0.0420769569740333	38.0069202362039	9882	24	0
105	20.3245373254295	2907	0.000201902325424446	1.80736671581327	2553	0	1
107	18.3079966844168	5507	0.000640048739799463	2.38750314206074	4258	0	1
108	19.273900271275	4858	0.00133679004163792	2.69254602623772	3890	0	1
109	17.3089266552798	7139	0.0013416827145343	3.78596848324263	5138	0	1
11	18.0138368532101	4859	0.000449769244892702	4.36975706409834	3914	0	1
110	18.5139486386014	4001	0.00205493094578929	4.34925786857983	3387	0	1
111	6.94982726816035	42051	0.0343944379852925	32.2518761995765	9887	8	0
112	20.7720758565257	2417	0.000644946906925645	1.57895743360698	2158	0	1
113	15.5906937003918	6491	0.0082587733445635	12.7235182997741	4865	4	1
115	16.1589777554506	7677	0.000354765054140822	5.27157166485715	5441	0	1
119	7.07995577212901	42275	0.0608217344627448	36.6088038922667	9882	0	0
12	14.9106819853311	12835	0.00161746865658664	5.54427329593052	7272	0	1
120	9.09612974982417	33032	0.130935911280482	25.4601514172532	9640	231	0
121	15.7209182357078	7094	0.00745166605905538	10.3475297039459	5169	11	1
122	9.11831680900231	29430	0.0287651274302445	22.8944977419783	9509	0	0
123	16.3680251783382	8611	0.000593121167075557	5.94835219231571	5836	0	1
125	6.13158854616698	35521	0.132815764652168	68.2996320492895	9737	1127	0
127	21.7030178237717	1457	-4.12859872100908e-05	0.30279190487581	1375	0	1
129	9.86326263438159	20704	0.00933727952889726	15.6041798551283	8768	0	2.33777522813984e-26
130	11.7861104792525	15362	0.0123090269679341	15.9675285479139	7901	6	1
133	12.9657274590576	12810	0.00310147431430373	10.547116117842	7270	0	1
136	21.0690111725108	2410	-0.000233299771753243	1.22863293897051	2164	0	1
137	4.92986357882046	43238	0.277353640128364	104.768739436021	9884	1927	0
138	5.1154954687029	38462	0.111829500286676	70.3170272745865	9825	119	0
139	11.0213813724505	16356	0.00805396904431255	13.4377582946434	8077	8	1
14	8.01069613181955	36634	0.0190704377502917	21.8504284001954	9756	0	0
141	16.5209683713453	5575	0.0049132521065146	9.07552715900554	4314	0	1
142	9.33213218125188	30504	0.00834759224972353	15.6747425679339	9571	1	0
143	6.83269731739174	42833	0.0215209908314501	30.4603200507648	9875	122	0
145	17.8358201748217	6678	-0.000281744126281536	3.0128543583325	4914	0	1
146	13.3162610871094	12033	0.00397262395195195	8.89278259869121	6996	1	1
147	10.9877101979303	16742	0.0118754311559169	14.4799564668725	8211	2	1
148	12.4940058273887	16508	0.0017881779470694	9.02096773892424	8153	0	1
149	6.91961541243846	44111	0.0214443727463101	30.7371068270007	9884	10	0
15	18.7038601426706	6018	-0.000630223505046348	2.37258990227332	4553	0	1
151	15.7991479955792	10495	0.00161205243606612	3.82082901379309	6553	0	1
153	8.74418876720587	26095	0.0177796110222303	23.6904828109887	9287	0	0
155	7.08115181352356	42499	0.017370459966908	29.9363503162478	9873	1	0
158	17.0842220034161	6466	0.000390994626741978	4.33151201133934	4821	0	1
159	17.4890039184166	6445	0.00157016004896641	5.08323025778019	4833	0	1
16	7.48813135737969	38797	0.0170690952268921	25.1460887597778	9800	0	0
160	9.10696573897317	19247	0.0471923977484927	28.1111001642289	8603	0	0.440947613641966
161	9.09630766603034	26098	0.00794209075452602	17.9830419330833	9274	0	0
162	12.2278488696875	14698	0.0081571307735928	13.226735509704	7782	0	1
165	9.16633322616297	32585	0.0601392030926165	21.9022189400529	9636	173	0
166	14.7437033256305	12068	0.00272005027624267	7.90137160226088	7069	0	1
167	19.512444047021	3857	0.00311353053211051	3.74291154762958	3191	1	1
169	8.08960241133327	29217	0.0187476332868823	30.4008864034359	9497	292	0
17	12.0961916407113	17728	0.0001470952802412	8.61970772774667	8320	0	1
170	16.1355344318296	6531	-0.00126201033611984	6.60627622645369	4794	1	1
171	13.7237122877524	10165	-0.000210815855183669	8.52026404966495	6435	0	1
172	15.5929832211394	10178	0.00467777203804405	7.90857229331684	6463	0	1
173	10.4783718275897	26437	0.0321817750814426	17.6462052785224	9307	0	0
175	13.4439429719683	17872	0.00867432222449224	7.92588506017935	8315	0	1
176	10.5869981111223	16565	0.0138627396489237	16.6146423042965	8184	0	1
177	9.31925475735959	31164	0.00743957703138673	17.1155902347981	9576	0	0
179	11.1625660403898	15553	0.0198919864120608	15.8011027882442	7982	4	1
18	7.14387784587562	33023	0.0205347618429999	34.1763595611297	9704	0	0
180	12.8128279915603	12885	0.00479946339972992	12.4224374031442	7288	0	1
181	22.5459753240229	780	-8.80292832538731e-05	0.233166560013234	755	0	1
185	17.1616003215111	6424	-1.43481551174933e-05	3.97647880437557	4793	0	1
187	20.4949766100673	2545	0.000295791738710262	2.02220360920072	2234	0	1
19	17.7361790013061	5455	0.000732384497148969	3.83003220022022	4261	1	1
190	17.9714491510097	4709	0.00248805366125007	5.52936618204583	3810	0	1
195	16.2152127599719	10219	0.0023635349354051	3.74742415377095	6426	0	1
199	18.8549836833116	4415	0.000186476362816719	3.30905816987101	3626	0	1
2	18.5217762483673	6598	0.000237180070747651	1.75248001934404	4798	0	1
20	7.80805156234301	33299	0.0273009978162825	29.4165798247743	9659	0	0
202	14.273469124887	10469	0.00645472704240864	8.95480167382684	6514	0	1
21	9.94441032854416	24105	0.0121707675567144	19.5474594150428	9133	0	6.12059618053534e-253
210	12.2554344820657	18203	0.00296471941951609	8.82817846265267	8440	0	0.99999999999996
212	7.68100460162765	36300	0.0264105647690251	28.4121435035443	9727	3	0
214	7.20252615291872	33450	0.0311353944450477	35.0197137712018	9647	0	0
216	15.6725803677283	9575	0.00299446055493617	5.70604160129529	6255	0	1
217	20.9476613885261	2398	0.00037284307112976	1.70802204601559	2152	0	1
22	7.31564434843766	42033	0.000187391092476912	22.4634337942209	9864	0	0
222	21.2393148397468	1796	-6.45019176808856e-05	1.32274706676514	1666	0	1
224	21.6629660604843	2094	7.00588341780965e-05	0.665454634509944	1879	0	1
23	6.74106892394253	43876	0.0266435254373076	35.9590645019114	9898	0	0
24	16.2159385913795	6752	0.00667901250783143	9.55183678740625	5017	0	1
26	8.4040657490204	29657	0.0145314594813352	22.7121510380206	9525	1	0
28	16.5091274389631	8034	-7.65478588185022e-05	3.42254783467916	5570	0	1
29	7.75220036169999	38175	0.014999382242841	23.7322057020576	9774	0	0
3	6.87379640309454	44044	0.0103530464845071	27.6625258756214	9891	0	0
30	19.142740018085	4095	0.00205593560932431	3.7553319327315	3400	0	1
31	7.24022961921029	42165	0.0053815058493196	25.3881644940678	9870	3	0
33	17.4133434743293	6109	0.00192211084662141	5.1717393014531	4651	0	1
35	13.8215032050638	13642	0.00890237075779044	8.87547536693845	7550	0	1
36	7.44254952275696	40439	0.0354307040897	25.7389967818503	9820	0	0
37	5.24137331457852	45592	0.15900234499919	98.585398052356	9906	1807	0
4	15.4054928564252	11696	0.00239322515961161	6.4497341526653	6945	0	1
40	7.52532392243545	41836	0.00979315361930318	23.8978144092801	9848	2	0
41	7.18403168893801	43185	0.0256520271727215	26.0897117948755	9880	1	0
42	23.2719551492012	161	5.61151306005232e-09	0.0197614644819225	161	0	1
43	15.1728721189591	8166	0.00400900465106661	8.03268026408069	5604	0	1
44	9.3353565960012	28126	0.00611711170775086	18.3289289992419	9444	0	0
45	7.9369301718075	27014	0.0347177192957385	32.537675102746	9383	28	0
46	11.4996988847584	18918	0.00216475708369374	8.8743531379656	8518	0	0.987376934734428
47	18.3541527981513	5676	0.000696932917209357	3.43028796687808	4347	0	1
48	7.62822132020496	34660	0.0388238090408382	30.2243828443072	9767	6	0
49	8.98317745403396	31759	0.0301492464228594	18.2502215446444	9599	0	0
5	9.59273646136843	30484	0.0199452102719657	17.7451942492423	9583	0	0
50	14.5826000803778	10246	0.000914349712788258	5.34854879102521	6556	0	1
51	6.57940090424997	42679	0.0371516061820899	41.6935655429939	9859	439	0
52	17.5675039887471	5455	0.00274739056901869	5.26655023836729	4309	0	1
53	6.38129964834723	34602	0.0255755307685026	50.9432191136026	9720	471	0
54	14.0078573495429	10088	0.00425883989121727	10.6452507899218	6444	0	1
55	18.203301718075	4869	0.000949533281899119	5.64078775865463	3963	0	1
56	13.1572593991761	15455	0.0121451467719008	10.8059267572314	7947	0	1
57	8.46900281322214	33375	0.0255501458293612	26.3103769144775	9628	291	0
58	8.67697608761178	34799	0.0183412647363224	18.4673959575602	9718	9	0
59	5.26440210991661	45288	0.132953451195271	106.710186526525	9894	2194	0
6	9.16831769315784	27009	0.00567245693754977	16.7538010948607	9383	1	0
60	12.9819429518738	14599	0.00219467535657701	8.2809714375589	7714	0	1
61	18.9486165377273	5041	0.000428319226312644	2.62212028021636	3995	0	1
62	15.4152819451422	8588	-0.000453955871125862	6.11703967375908	5879	1	1
63	13.3033883050337	13717	0.00216396191811865	7.96283666779253	7402	0	1
64	10.0133046317693	27875	0.000629156511310744	12.3371838512249	9408	0	0
66	6.79516429217321	42811	0.0543954634368058	33.6614072162285	9874	34	0
67	14.0935288857631	11789	0.000453384794421025	6.33492624446449	6968	0	1
68	15.861367045112	6841	0.00908602769130561	9.64714477850897	5054	12	1
69	20.8453049532804	3042	0.000180984957478573	0.92402246070345	2624	0	1
7	7.27688327137546	37845	0.0432727248025446	32.7015602466238	9769	253	0
70	6.68756449311765	44835	0.0113990724724885	31.6189463696393	9890	32	0
71	16.0408849392143	7594	0.00211891677015107	6.71857905266875	5322	0	1
72	9.03372818245755	25334	0.00797384162124005	19.0978560112802	9246	38	0
73	14.1937856726615	11158	0.00241080055981873	6.76152534920443	6777	0	1
74	7.8535815934894	31935	0.018128777462076	26.4336910400312	9601	2	0
76	21.4410407716266	2146	0.000136947716266614	0.968446889811591	1927	0	1
77	18.2020282527881	4035	0.011803871718521	10.5103964405626	3409	19	1
79	23.3016683211092	157	-8.37547579974863e-06	0.0220834834425791	157	0	1
8	11.616984788506	19211	0.0048929062597945	10.0140956011871	8561	0	0.544538041533932
80	6.91143271375465	40226	0.0253503381184755	33.1508210177409	9832	86	0
81	15.2313961619612	7709	0.00377794511289935	9.72970036977484	5483	0	1
82	16.5435719079674	6288	0.00300675205478043	6.40305297006772	4729	8	1
83	10.1889483572792	22419	0.0143849272171183	14.3868522498247	9018	4	1.96395394692174e-112
84	21.6801217321411	1338	0.000513222299657612	1.58091972123368	1271	0	1
85	21.2791900934392	1609	0.00010219126482948	2.21705235483866	1498	0	1
86	9.15680588767206	29170	0.0392453829591137	22.6197432669164	9548	32	0
87	9.3910953280418	22241	0.00991410264521406	18.3470707498544	8942	47	9.21471147888638e-101
88	10.0056722194313	20025	0.0106236467581831	15.1287112053932	8691	12	4.78500998475407e-09
89	9.44725214508188	32985	0.0135014870826595	16.7969620272725	9666	47	0
9	19.9593746609063	3299	0.000241609005327646	1.89474360548646	2833	0	1
90	9.69381573394956	29517	0.0211454373469897	16.7122122976782	9493	5	0
92	10.2404010650055	19519	0.0163711634185029	16.505430670242	8642	3	0.0173796610903175
93	10.8686104892997	18128	0.00901160970807313	18.7789953695634	8424	0	1
94	11.8273739375063	19945	0.00211295193565971	8.86696182200519	8697	0	1.19081404309253e-07
95	11.8318584346428	14969	0.00276614291012888	10.1972375921409	7838	6	1
96	11.7305572390234	14921	0.00442297660174587	10.6695657970507	7804	0	1
97	16.3634161358384	6071	0.0131374916166165	12.6246202323365	4637	4	1
98	9.61585351150407	28011	0.012849389582986	18.5347640555516	9403	1	0
99	16.4610240932382	5484	0.00886407691154091	12.760168125243	4297	0	1
counts	4.31106199135939	51782	0.161440193876968	83.9064816059046	9953	17	0
